,0
need,83
new,36
date,38
order,198
due,23
install,13
start,8
time,21
equipment,44
flow,33
rxmo,83
pnd,18
never,4
group,20
omnioracle,1
team,3
rca,3
determine,2
do,39
progress,28
complete,49
ttu,21
not,68
actually,2
last,1
week,2
please,69
have,32
chat,2
room,1
open,14
issue,34
high,1
priority,1
dispatch,16
request,19
generate,18
oracle,2
shipping,3
tns,28
be,121
spp,17
stick,36
activate,9
bvoip,13
port,41
assist,34
number,23
stuck,30
pend,11
add,17
status,44
webachment,43
none,36
supp,12
initial,2
however,15
submit,28
rxco,72
error,48
service,33
address,14
invalid,5
exclamation,2
mark,1
directory,3
list,8
tab,2
indicate,4
problem,5
still,15
unidentified,1
sev,11
i,10
cause,2
task,89
errordesign,1
dd,46
change,33
design,7
plan,8
activity,20
also,15
ready,11
state,6
ebiz,28
show,35
here,1
rxcorxmo,2
reflect,17
lsrrecalc,1
pprq,1
clear,18
lsrc,1
whereas,2
different,1
same,6
make,3
asap,5
cancel,25
showing,1
notify,8
failure,22
fail,13
iod,8
as,9
well,12
manage,5
update,17
grid,8
create,27
validation,10
hit,5
again,5
perviously,2
ticket,18
solve,2
resolution,4
register,1
scheduler,3
mismatch,3
version,3
multiple,7
yoda,6
deliver,7
so,7
raise,2
ush,7
progressedfcd,1
statusthrough,1
check,16
bvoipdms,1
toggle,7
immediately,1
today,3
correct,6
want,3
push,1
submission,3
tq,12
manual,13
m,1
p,1
applicable,2
collaborate,9
main,2
try,9
edit,5
standard,2
interval,2
calendar,4
allow,5
first,3
available,4
description_of_problem,4
equip,2
get,22
message,16
screen,20
shoot,1
webach,5
cbus,9
comment,1
other,4
user,19
search,5
ten,1
monday,1
day,7
duplicate,3
information,12
regenerate,5
cth,24
cbusim,2
notification,9
wa,26
bec,1
needful,8
interfacesystem,6
csi,8
miss,12
precondition,5
network,9
subway,13
coordinate,3
installation,5
customer,32
button,11
disabled,1
tasksbut,1
next,1
bgw,3
rest,1
left,1
skip,3
cic,2
verify,3
lec,5
activation,1
activty,2
ess,4
report,5
see,13
come,6
central,2
zone,1
sit,1
eastern,2
file_upload,10
zonedrxco,1
checekd,2
name,15
lsr,7
recalcpprq,1
apply,5
unable,8
there,5
s,5
erroractivate,1
bvoiip,1
asoc,1
use,6
instead,4
business,10
calculate,1
manually,12
page,10
impact,2
invoice,3
system,10
respond,7
cthhir,6
detail,13
httprxmoitwebcomcthhiruirestuiwarindexhtmltaskdetailshowdetailstrue,6
nameoverdue,1
initiate,3
billing,7
gateway,1
workflow,9
waiting,1
ss,2
_,3
tnppng,1
nameiod,2
force,2
once,1
sale,15
macd,9
iad,1
phone,1
readd,1
bad,1
cancelterminate,1
dev,2
shiju,1
analyze,1
find,21
look,7
contact,9
base,1
set,7
crdd,1
bot,1
mandatory,2
ssod,1
call,4
internally,1
fix,5
code,5
relax,1
terminate,1
past,3
station,16
tt,3
png,2
dispite,1
resolve,6
able,8
wtns,2
lsrvim_system_error,2
ne,3
yoda_data_err_meeo_supp,1
many,2
yoda_unexpected_status_error,3
tn,26
requeststatus,1
section,13
processing,10
require,6
reach,2
return,13
yoda_data_err_meeo_create,2
suborder,1
yet,7
r_m,1
inc,2
jpg,1
bill,9
receive,15
charge,2
camono,1
response,4
camo,5
erro,2
query,4
validate,5
red,2
ribbon,2
encounter,4
server,4
collisionconflict,3
contain,3
follow,8
conflict,10
inprogress,2
execute,3
rpcg,10
prevent,6
submittion,2
lsrs,2
supd,2
tnport,3
screenshot,6
cusotmer,2
preferable,2
pm,3
pst,2
collision,3
lnp,5
old,2
map,1
incorporate,1
view,14
telephone,2
reservation,6
remove,5
djm,1
suspensionpng,1
ttudd,1
ship,7
confirm,4
send,14
tech,2
point,2
affect,2
whenever,1
go,7
tnom,4
keep,2
refresh,1
northwind,1
partner,1
llc,4
william,1
j,1
whartenby,1
errorpng,1
industry,2
sync,1
equate,1
scheduling,1
identify,2
application,1
software,1
potential,1
church,1
ddttu,1
test,8
turn,5
hence,1
workaround,1
men,12
game,10
btn,6
grey,2
csr,12
load,2
portion,1
dale,1
d,1
end,3
heuristicpng,1
todaynot,1
doug,3
select,8
partialport,1
back,8
key,1
now,2
capture,1
ponr,3
ver,2
product,1
management,2
grouppng,1
retrigger,2
wf,5
completion,2
transaction,2
email,9
ball,1
prgress,1
-PRON-,18
would,17
such,1
level,3
failuresboa,1
review,7
pat,2
chamber,2
devplease,1
troubleshoot,1
effort,1
site,13
readiness,3
rework,1
yesterday,2
fallout,2
t,2
jlg_png,1
nexis,2
medical,2
office,2
panel,3
blank,6
sor,3
submitter,1
sup,10
eapng,4
initially,2
then,2
minut,1
later,1
place,3
auto,7
overdue,4
mp,1
pull,2
location,8
radio,1
michigan,1
south,1
bend,1
file,4
wtn,1
murphy,1
rice,1
llpdrxco,1
item,3
euam,1
basic,1
seat,4
share,2
workspace,1
bundle,3
unified,1
communication,2
selecting,1
link,8
function,2
dead,2
url,7
mouse,2
href,2
long,2
html,2
froz,2
rd,2
houston,4
tx,7
bes,1
martin,1
agent,1
sitting,1
cinpng,1
webempt,4
indication,2
successful,2
previously,3
close,4
opty,1
dgtt,1
atp,3
achieve,3
rome,5
express,9
siteless,2
msg,2
appear,4
wfcustomer,1
completerxco,1
aprq,2
move,2
forward,3
pass,3
orderneed,1
supportjon,1
h,1
less,1
longer,2
prompt,5
record,4
oigm,1
cadm,1
rpcgspp,1
disconnect,1
firebird,2
think,2
ever,2
submittedthe,1
autoand,1
al,2
possibly,1
properly,3
addr,3
store,3
irving,1
successfully,3
session,2
transport,2
circuit,1
crash,1
happen,3
competitor,1
device,3
guide,2
ddux,1
input,3
jab,1
vpn,1
value,1
lock,1
draft,1
downstream,5
goss,1
opp,1
kw,1
handoff,6
bmnz,1
installstartdatetime,1
currentorderduedate,1
dispatchdate,1
bvoipprecondition,1
solution,4
exist,2
contract,8
circle,1
spinning,1
perpetually,1
ethernet,1
speed,1
option,3
boerbe,1
only,6
tdm,1
vvbx,1
oppty,2
na,1
asha,2
minus,1
current,6
enough,3
tier,3
react,1
datum,11
prior,3
jon,2
hermsmeyer,2
production,1
defect,3
discover,1
logic,1
ui,4
research,1
work,3
checkin,1
mwc,1
katy,1
typically,1
minute,2
trinityhalo,1
database,2
erl,1
host,1
voip,3
websp,1
description,1
tool,1
wrong,3
intrado,2
timer,1
step,2
rtg,1
ind,1
y,1
slow,2
take,2
several,1
slowness,1
ramkumar,1
muddala,1
terrell,1
cheaf,1
type,2
box,4
disable,3
checkbox,1
refreshed,1
btns,1
row,1
very,1
abscon,1
expire,1
caud,1
stuckneed,1
abr,1
trigger,2
pulmonary,1
fibrosis,1
foundation,1
bro,1
progressed,3
provide,9
save,4
selection,1
decomp,1
field,7
seem,3
tbdynorder_atr_val,1
bewlow,1
run,2
api,1
prodrxco,1
dl,1
special,1
question,1
present,1
productbsm,1
story,1
asking,1
tollfree,1
att,3
wait,2
right,2
away,1
e,1
accord,1
dependent,2
completing,1
know,5
improve,1
allocation,1
script,1
newly,1
pool,1
assign,1
extra,2
overhead,1
log,1
center,5
click,7
admin,5
editing,1
access,2
tqn,1
inventory,6
stage,2
window,2
what_did_you_see,3
way,2
clicking,2
background,2
essentially,1
continue,2
availability,1
regenrat,1
omni,1
child,1
parent,1
digital,2
notificationfailuredata,2
plenty,1
dn,3
real,1
ordersthese,1
internal,2
pvttype,1
csv,1
nameerror,2
checkcustomer,1
nametest_att_collaborate_salesdemosor,1
idproject,1
idservice,1
idaccount,1
numberoffer,1
namehost,1
communicationorder,1
action,2
startsite,1
namesbs,1
typevirtualstrataretail,1
p_due_date,1
future,2
datep_customer_appointment,1
datep_start_date_installation,1
requestcustomer,1
namecoordinate,1
give,2
mary,2
portal,4
checking,1
mnp,1
least,2
external,1
lsrvif,1
atn,1
requery,1
subject,2
line,3
say,4
trinity,1
what_expected_to_see,2
account,6
incorrect,3
seller,1
separate,1
sub,1
second,3
process,9
orderpnd,2
relate,3
pvt,1
dc,1
correctly,1
could,1
gcdb,2
golden,1
enter,7
pagesee,1
shot,1
statusi,2
verified,2
soa,2
verification,2
immediatelyi,2
againthis,2
stationevent,2
beginning,2
morning,2
release,4
rxcoim,10
mac,3
receptionist,1
console,1
label,2
client,1
license,1
display,8
failurestn,1
msag,1
already,1
foc,3
null,1
aeod,1
errorjavalangexception,1
invoke,1
entitycdfmodelgridachalodealhashdetailshierarchyinfo,1
keyorderactionidversion,1
orderactionid,1
progressne,1
support,1
web,7
workflowsubwayss,1
tracking,1
populate,2
jb,1
webendant,1
aa,1
greeting,1
hour,1
offhour,1
caller,2
hear,1
greet,1
voicemail,1
connect,1
loop,1
even,4
offbusiness,1
conversion,1
apparently,1
configure,3
investigate,1
let,1
trouble,1
reject,1
warn,1
continued,1
technical,1
premise,1
orderedplease,1
additionally,1
opportunity,2
ally,1
energy,1
sufficient,1
provision,2
white,1
glove,1
schedule,3
csie_organizationid,1
notified,1
case,1
issuemacaddressregistration,1
automate,1
fact,1
actual,1
tomorrow,3
element,1
addressid,1
reference,1
fall,2
inquireenterpriseorderdata,2
webserviceexception,2
javanetconnectexception,2
connection,2
refuse,2
conversationid,2
bgwcngcsiadebcbfcdccf,1
bgwcngcsibafcebaed,1
transfer,1
verizon,1
nobody,1
evidence,1
occur,3
ell,2
creative,1
confirmation,2
clark,1
orderrequest,1
limbo,1
can,1
format,1
align,1
wiki,1
style,1
hcm,2
frontier,1
florida,1
npac,1
spidprovider,1
ps,1
rochester,1
svr,1
spid,1
alwxs,1
rxmorxco,1
midstream,1
template,1
failureno,1
rate,1
notificationtask,1
zwqu,1
suryadevara,1
rxmorequestnullrxco_responsecustomerlocationiderrormessageexternal,1
om,1
unreachablerxcoorderidnull,1
post,2
sa,3
node,3
incorrectly,2
cdg,2
details_issue,1
warehouse,1
automation,2
fridayreviewed,1
discuss,2
mweber,2
johanna,1
boyd,1
lack,1
epod,1
electronic,1
proof,1
delivery,1
pls,1
rather,1
hcms,1
component,2
ordering,1
shipment,1
reschedule,1
retire,1
task_name,1
listing,3
order_number,1
ieod,1
installdue,1
default,2
local,1
appropriate,1
defaulted,1
milestone,1
fdd,1
ff,1
match,4
test_pvt__d,1
ipflex,1
gate,1
arch,1
edt,1
usually,1
sql,1
text,1
mention,2
addressdl,2
info,4
tnaddress,1
instruction,4
rxmoim,1
example,1
additional,2
ali,1
sme,1
negotiation,1
unstickprogress,1
ssdf,1
accept,1
colloborate,1
proceed,2
feature,1
la,1
carte,1
quantity,2
lft,1
fld,1
finish,1
usermary,1
rxmowhen,1
maintenance,1
stag,2
notifcation,1
await,6
loaded,1
aot,2
erroryoda_shipping_timeout_error,1
cthaot,1
erroryoda_delivery_timeout_error,1
meet,1
subsequent,1
okay,1
hot,1
cut,1
non,2
scenario,1
xsd,1
sku,1
optional,1
part,2
yun,1
srividya,1
defaultname,1
ebond,1
vit,1
provider,1
pac,1
timber,1
upfront,1
possible,1
investigation,1
lsrv,3
suppose,1
sectionfield,1
qc,1
initiator,1
uploading,1
single,1
functioning,1
indicator,1
full,1
yes,1
expect,2
philip,1
bristow,1
pb,1
original,1
read,1
recognize,1
gui,1
visible,3
essdispatch,1
websme,1
partial,2
intervention,1
blocker,1
uploaded,1
ie,1
corrupt,1
firefox,1
range,1
subaccount,1
provisioning,1
mws,1
yoda_shipping_timeout_error,1
abfs,1
wear,1
house,1
svc,1
native,1
se,2
document,1
upload,1
eol,1
choose,1
drop,1
rxcoom,1
launch,1
avpn,1
internet,1
implementation,2
ban,1
restriction,1
overlaymodal,1
modal,1
navigation,1
navigate,1
bar,1
configuration,1
sequentially,1
alert,1
menu,1
sequence,1
broadsoft,1
music,1
hold,1
loading,1
should,1
gray,1
administrator,2
mock,1
irise,1
anton,1
copy,1
enable,1
bottom,1
summary,1
assessment,2
pop,1
registration,1
comma,1
footer,1
initiation,1
sxp,1
associate,1
green,1
neon,1
supplier,1
glb,1
unaccounted,1
profile,1
automatically,1
impacted_order_vol,1
impacted_tkt_num,1
order_type,1
